method,stream_id,object_id,physical_sequence,start,end,length,post_complete,censor_reason,reference_failed,stable_offset
residual,20200709-subject-01/20200709_142123/839512060362,1,20200709-subject-01/20200709_142123,1,39,39,True,,False,3
s0_l1,20200709-subject-01/20200709_142123/839512060362,1,20200709-subject-01/20200709_142123,1,39,39,True,,False,3
s0_l0,20200709-subject-01/20200709_142123/839512060362,1,20200709-subject-01/20200709_142123,1,39,39,True,,False,3
s1_l1,20200709-subject-01/20200709_142123/839512060362,1,20200709-subject-01/20200709_142123,1,39,39,True,,False,3
s1_l0,20200709-subject-01/20200709_142123/839512060362,1,20200709-subject-01/20200709_142123,1,39,39,True,,False,3
fp,20200709-subject-01/20200709_142123/839512060362,1,20200709-subject-01/20200709_142123,1,39,39,True,,False,3
residual,20200709-subject-01/20200709_142123/841412060263,1,20200709-subject-01/20200709_142123,19,73,55,False,stream_end,False,
s0_l1,20200709-subject-01/20200709_142123/841412060263,1,20200709-subject-01/20200709_142123,19,73,55,False,stream_end,False,
s0_l0,20200709-subject-01/20200709_142123/841412060263,1,20200709-subject-01/20200709_142123,19,73,55,False,stream_end,False,
s1_l1,20200709-subject-01/20200709_142123/841412060263,1,20200709-subject-01/20200709_142123,19,73,55,False,stream_end,False,
s1_l0,20200709-subject-01/20200709_142123/841412060263,1,20200709-subject-01/20200709_142123,19,73,55,False,stream_end,False,
fp,20200709-subject-01/20200709_142123/841412060263,1,20200709-subject-01/20200709_142123,19,73,55,False,stream_end,False,
residual,20200709-subject-01/20200709_142123/932122060857,1,20200709-subject-01/20200709_142123,27,42,16,True,,False,3
s0_l1,20200709-subject-01/20200709_142123/932122060857,1,20200709-subject-01/20200709_142123,27,42,16,True,,False,3
s0_l0,20200709-subject-01/20200709_142123/932122060857,1,20200709-subject-01/20200709_142123,27,42,16,True,,False,3
s1_l1,20200709-subject-01/20200709_142123/932122060857,1,20200709-subject-01/20200709_142123,27,42,16,True,,False,3
s1_l0,20200709-subject-01/20200709_142123/932122060857,1,20200709-subject-01/20200709_142123,27,42,16,True,,False,3
fp,20200709-subject-01/20200709_142123/932122060857,1,20200709-subject-01/20200709_142123,27,42,16,True,,False,3
residual,20200709-subject-01/20200709_142446/836212060125,2,20200709-subject-01/20200709_142446,1,49,49,True,,True,
s0_l1,20200709-subject-01/20200709_142446/836212060125,2,20200709-subject-01/20200709_142446,1,49,49,True,,True,
s0_l0,20200709-subject-01/20200709_142446/836212060125,2,20200709-subject-01/20200709_142446,1,49,49,True,,True,
s1_l1,20200709-subject-01/20200709_142446/836212060125,2,20200709-subject-01/20200709_142446,1,49,49,True,,True,
s1_l0,20200709-subject-01/20200709_142446/836212060125,2,20200709-subject-01/20200709_142446,1,49,49,True,,True,
fp,20200709-subject-01/20200709_142446/836212060125,2,20200709-subject-01/20200709_142446,1,49,49,True,,True,
residual,20200709-subject-01/20200709_142446/840412060917,2,20200709-subject-01/20200709_142446,35,35,1,True,,False,3
s0_l1,20200709-subject-01/20200709_142446/840412060917,2,20200709-subject-01/20200709_142446,35,35,1,True,,False,3
s0_l0,20200709-subject-01/20200709_142446/840412060917,2,20200709-subject-01/20200709_142446,35,35,1,True,,False,3
s1_l1,20200709-subject-01/20200709_142446/840412060917,2,20200709-subject-01/20200709_142446,35,35,1,True,,False,3
s1_l0,20200709-subject-01/20200709_142446/840412060917,2,20200709-subject-01/20200709_142446,35,35,1,True,,False,3
fp,20200709-subject-01/20200709_142446/840412060917,2,20200709-subject-01/20200709_142446,35,35,1,True,,False,3
residual,20200709-subject-01/20200709_142802/839512060362,3,20200709-subject-01/20200709_142802,47,71,25,False,stream_end,False,
s0_l1,20200709-subject-01/20200709_142802/839512060362,3,20200709-subject-01/20200709_142802,47,71,25,False,stream_end,False,
s0_l0,20200709-subject-01/20200709_142802/839512060362,3,20200709-subject-01/20200709_142802,47,71,25,False,stream_end,False,
s1_l1,20200709-subject-01/20200709_142802/839512060362,3,20200709-subject-01/20200709_142802,47,71,25,False,stream_end,False,
s1_l0,20200709-subject-01/20200709_142802/839512060362,3,20200709-subject-01/20200709_142802,47,71,25,False,stream_end,False,
fp,20200709-subject-01/20200709_142802/839512060362,3,20200709-subject-01/20200709_142802,47,71,25,False,stream_end,False,
residual,20200709-subject-01/20200709_143125/841412060263,4,20200709-subject-01/20200709_143125,17,30,14,True,,False,3
s0_l1,20200709-subject-01/20200709_143125/841412060263,4,20200709-subject-01/20200709_143125,17,30,14,True,,False,3
s0_l0,20200709-subject-01/20200709_143125/841412060263,4,20200709-subject-01/20200709_143125,17,30,14,True,,False,3
s1_l1,20200709-subject-01/20200709_143125/841412060263,4,20200709-subject-01/20200709_143125,17,30,14,True,,False,3
s1_l0,20200709-subject-01/20200709_143125/841412060263,4,20200709-subject-01/20200709_143125,17,30,14,True,,False,3
fp,20200709-subject-01/20200709_143125/841412060263,4,20200709-subject-01/20200709_143125,17,30,14,True,,False,
residual,20200709-subject-01/20200709_143531/836212060125,5,20200709-subject-01/20200709_143531,1,39,39,True,,False,
s0_l1,20200709-subject-01/20200709_143531/836212060125,5,20200709-subject-01/20200709_143531,1,39,39,True,,False,
s0_l0,20200709-subject-01/20200709_143531/836212060125,5,20200709-subject-01/20200709_143531,1,39,39,True,,False,
s1_l1,20200709-subject-01/20200709_143531/836212060125,5,20200709-subject-01/20200709_143531,1,39,39,True,,False,
s1_l0,20200709-subject-01/20200709_143531/836212060125,5,20200709-subject-01/20200709_143531,1,39,39,True,,False,
fp,20200709-subject-01/20200709_143531/836212060125,5,20200709-subject-01/20200709_143531,1,39,39,True,,False,3
residual,20200709-subject-01/20200709_143531/840412060917,5,20200709-subject-01/20200709_143531,14,14,1,True,,False,3
s0_l1,20200709-subject-01/20200709_143531/840412060917,5,20200709-subject-01/20200709_143531,14,14,1,True,,False,3
s0_l0,20200709-subject-01/20200709_143531/840412060917,5,20200709-subject-01/20200709_143531,14,14,1,True,,False,3
s1_l1,20200709-subject-01/20200709_143531/840412060917,5,20200709-subject-01/20200709_143531,14,14,1,True,,False,3
s1_l0,20200709-subject-01/20200709_143531/840412060917,5,20200709-subject-01/20200709_143531,14,14,1,True,,False,3
fp,20200709-subject-01/20200709_143531/840412060917,5,20200709-subject-01/20200709_143531,14,14,1,True,,False,3
residual,20200709-subject-01/20200709_143531/840412060917,5,20200709-subject-01/20200709_143531,44,53,10,True,,False,3
s0_l1,20200709-subject-01/20200709_143531/840412060917,5,20200709-subject-01/20200709_143531,44,53,10,True,,False,3
s0_l0,20200709-subject-01/20200709_143531/840412060917,5,20200709-subject-01/20200709_143531,44,53,10,True,,False,3
s1_l1,20200709-subject-01/20200709_143531/840412060917,5,20200709-subject-01/20200709_143531,44,53,10,True,,False,3
s1_l0,20200709-subject-01/20200709_143531/840412060917,5,20200709-subject-01/20200709_143531,44,53,10,True,,False,3
fp,20200709-subject-01/20200709_143531/840412060917,5,20200709-subject-01/20200709_143531,44,53,10,True,,False,3
residual,20200709-subject-01/20200709_143531/932122062010,5,20200709-subject-01/20200709_143531,1,39,39,True,,False,3
s0_l1,20200709-subject-01/20200709_143531/932122062010,5,20200709-subject-01/20200709_143531,1,39,39,True,,False,3
s0_l0,20200709-subject-01/20200709_143531/932122062010,5,20200709-subject-01/20200709_143531,1,39,39,True,,False,10
s1_l1,20200709-subject-01/20200709_143531/932122062010,5,20200709-subject-01/20200709_143531,1,39,39,True,,False,3
s1_l0,20200709-subject-01/20200709_143531/932122062010,5,20200709-subject-01/20200709_143531,1,39,39,True,,False,3
fp,20200709-subject-01/20200709_143531/932122062010,5,20200709-subject-01/20200709_143531,1,39,39,True,,False,3
residual,20200709-subject-01/20200709_143907/839512060362,6,20200709-subject-01/20200709_143907,1,17,17,True,,False,3
s0_l1,20200709-subject-01/20200709_143907/839512060362,6,20200709-subject-01/20200709_143907,1,17,17,True,,False,3
s0_l0,20200709-subject-01/20200709_143907/839512060362,6,20200709-subject-01/20200709_143907,1,17,17,True,,False,3
s1_l1,20200709-subject-01/20200709_143907/839512060362,6,20200709-subject-01/20200709_143907,1,17,17,True,,False,3
s1_l0,20200709-subject-01/20200709_143907/839512060362,6,20200709-subject-01/20200709_143907,1,17,17,True,,False,3
fp,20200709-subject-01/20200709_143907/839512060362,6,20200709-subject-01/20200709_143907,1,17,17,True,,False,3
residual,20200709-subject-01/20200709_143907/839512060362,6,20200709-subject-01/20200709_143907,40,46,7,True,,True,3
s0_l1,20200709-subject-01/20200709_143907/839512060362,6,20200709-subject-01/20200709_143907,40,46,7,True,,True,3
s0_l0,20200709-subject-01/20200709_143907/839512060362,6,20200709-subject-01/20200709_143907,40,46,7,True,,True,3
s1_l1,20200709-subject-01/20200709_143907/839512060362,6,20200709-subject-01/20200709_143907,40,46,7,True,,True,3
s1_l0,20200709-subject-01/20200709_143907/839512060362,6,20200709-subject-01/20200709_143907,40,46,7,True,,True,3
fp,20200709-subject-01/20200709_143907/839512060362,6,20200709-subject-01/20200709_143907,40,46,7,True,,True,
residual,20200709-subject-01/20200709_143907/841412060263,6,20200709-subject-01/20200709_143907,17,36,20,True,,False,3
s0_l1,20200709-subject-01/20200709_143907/841412060263,6,20200709-subject-01/20200709_143907,17,36,20,True,,False,3
s0_l0,20200709-subject-01/20200709_143907/841412060263,6,20200709-subject-01/20200709_143907,17,36,20,True,,False,3
s1_l1,20200709-subject-01/20200709_143907/841412060263,6,20200709-subject-01/20200709_143907,17,36,20,True,,False,3
s1_l0,20200709-subject-01/20200709_143907/841412060263,6,20200709-subject-01/20200709_143907,17,36,20,True,,False,3
fp,20200709-subject-01/20200709_143907/841412060263,6,20200709-subject-01/20200709_143907,17,36,20,True,,False,5
residual,20200709-subject-01/20200709_144313/841412060263,7,20200709-subject-01/20200709_144313,12,20,9,True,,False,3
s0_l1,20200709-subject-01/20200709_144313/841412060263,7,20200709-subject-01/20200709_144313,12,20,9,True,,False,3
s0_l0,20200709-subject-01/20200709_144313/841412060263,7,20200709-subject-01/20200709_144313,12,20,9,True,,False,3
s1_l1,20200709-subject-01/20200709_144313/841412060263,7,20200709-subject-01/20200709_144313,12,20,9,True,,False,3
s1_l0,20200709-subject-01/20200709_144313/841412060263,7,20200709-subject-01/20200709_144313,12,20,9,True,,False,3
fp,20200709-subject-01/20200709_144313/841412060263,7,20200709-subject-01/20200709_144313,12,20,9,True,,False,7
residual,20200709-subject-01/20200709_144313/841412060263,7,20200709-subject-01/20200709_144313,38,63,26,False,stream_end,False,3
s0_l1,20200709-subject-01/20200709_144313/841412060263,7,20200709-subject-01/20200709_144313,38,63,26,False,stream_end,False,3
s0_l0,20200709-subject-01/20200709_144313/841412060263,7,20200709-subject-01/20200709_144313,38,63,26,False,stream_end,False,3
s1_l1,20200709-subject-01/20200709_144313/841412060263,7,20200709-subject-01/20200709_144313,38,63,26,False,stream_end,False,3
s1_l0,20200709-subject-01/20200709_144313/841412060263,7,20200709-subject-01/20200709_144313,38,63,26,False,stream_end,False,3
fp,20200709-subject-01/20200709_144313/841412060263,7,20200709-subject-01/20200709_144313,38,63,26,False,stream_end,False,3
residual,20200709-subject-01/20200709_144735/836212060125,8,20200709-subject-01/20200709_144735,1,25,25,True,,True,8
s0_l1,20200709-subject-01/20200709_144735/836212060125,8,20200709-subject-01/20200709_144735,1,25,25,True,,True,3
s0_l0,20200709-subject-01/20200709_144735/836212060125,8,20200709-subject-01/20200709_144735,1,25,25,True,,True,3
s1_l1,20200709-subject-01/20200709_144735/836212060125,8,20200709-subject-01/20200709_144735,1,25,25,True,,True,3
s1_l0,20200709-subject-01/20200709_144735/836212060125,8,20200709-subject-01/20200709_144735,1,25,25,True,,True,3
fp,20200709-subject-01/20200709_144735/836212060125,8,20200709-subject-01/20200709_144735,1,25,25,True,,True,3
residual,20200709-subject-01/20200709_144735/840412060917,8,20200709-subject-01/20200709_144735,10,71,62,False,stream_end,True,
s0_l1,20200709-subject-01/20200709_144735/840412060917,8,20200709-subject-01/20200709_144735,10,71,62,False,stream_end,True,
s0_l0,20200709-subject-01/20200709_144735/840412060917,8,20200709-subject-01/20200709_144735,10,71,62,False,stream_end,True,
s1_l1,20200709-subject-01/20200709_144735/840412060917,8,20200709-subject-01/20200709_144735,10,71,62,False,stream_end,True,
s1_l0,20200709-subject-01/20200709_144735/840412060917,8,20200709-subject-01/20200709_144735,10,71,62,False,stream_end,True,
fp,20200709-subject-01/20200709_144735/840412060917,8,20200709-subject-01/20200709_144735,10,71,62,False,stream_end,True,
residual,20200709-subject-01/20200709_144735/932122060861,8,20200709-subject-01/20200709_144735,19,31,13,True,,True,4
s0_l1,20200709-subject-01/20200709_144735/932122060861,8,20200709-subject-01/20200709_144735,19,31,13,True,,True,5
s0_l0,20200709-subject-01/20200709_144735/932122060861,8,20200709-subject-01/20200709_144735,19,31,13,True,,True,5
s1_l1,20200709-subject-01/20200709_144735/932122060861,8,20200709-subject-01/20200709_144735,19,31,13,True,,True,6
s1_l0,20200709-subject-01/20200709_144735/932122060861,8,20200709-subject-01/20200709_144735,19,31,13,True,,True,6
fp,20200709-subject-01/20200709_144735/932122060861,8,20200709-subject-01/20200709_144735,19,31,13,True,,True,8
residual,20200709-subject-01/20200709_145132/839512060362,9,20200709-subject-01/20200709_145132,1,31,31,True,,False,3
s0_l1,20200709-subject-01/20200709_145132/839512060362,9,20200709-subject-01/20200709_145132,1,31,31,True,,False,3
s0_l0,20200709-subject-01/20200709_145132/839512060362,9,20200709-subject-01/20200709_145132,1,31,31,True,,False,3
s1_l1,20200709-subject-01/20200709_145132/839512060362,9,20200709-subject-01/20200709_145132,1,31,31,True,,False,3
s1_l0,20200709-subject-01/20200709_145132/839512060362,9,20200709-subject-01/20200709_145132,1,31,31,True,,False,3
fp,20200709-subject-01/20200709_145132/839512060362,9,20200709-subject-01/20200709_145132,1,31,31,True,,False,3
residual,20200709-subject-01/20200709_145132/840412060917,9,20200709-subject-01/20200709_145132,12,73,62,False,stream_end,False,
s0_l1,20200709-subject-01/20200709_145132/840412060917,9,20200709-subject-01/20200709_145132,12,73,62,False,stream_end,False,
s0_l0,20200709-subject-01/20200709_145132/840412060917,9,20200709-subject-01/20200709_145132,12,73,62,False,stream_end,False,
s1_l1,20200709-subject-01/20200709_145132/840412060917,9,20200709-subject-01/20200709_145132,12,73,62,False,stream_end,False,
s1_l0,20200709-subject-01/20200709_145132/840412060917,9,20200709-subject-01/20200709_145132,12,73,62,False,stream_end,False,
fp,20200709-subject-01/20200709_145132/840412060917,9,20200709-subject-01/20200709_145132,12,73,62,False,stream_end,False,
residual,20200709-subject-01/20200709_145132/932122060861,9,20200709-subject-01/20200709_145132,22,34,13,False,next_occlusion,False,
s0_l1,20200709-subject-01/20200709_145132/932122060861,9,20200709-subject-01/20200709_145132,22,34,13,False,next_occlusion,False,
s0_l0,20200709-subject-01/20200709_145132/932122060861,9,20200709-subject-01/20200709_145132,22,34,13,False,next_occlusion,False,
s1_l1,20200709-subject-01/20200709_145132/932122060861,9,20200709-subject-01/20200709_145132,22,34,13,False,next_occlusion,False,
s1_l0,20200709-subject-01/20200709_145132/932122060861,9,20200709-subject-01/20200709_145132,22,34,13,False,next_occlusion,False,
fp,20200709-subject-01/20200709_145132/932122060861,9,20200709-subject-01/20200709_145132,22,34,13,False,next_occlusion,False,
residual,20200709-subject-01/20200709_145132/932122060861,9,20200709-subject-01/20200709_145132,36,42,7,False,next_occlusion,False,3
s0_l1,20200709-subject-01/20200709_145132/932122060861,9,20200709-subject-01/20200709_145132,36,42,7,False,next_occlusion,False,3
s0_l0,20200709-subject-01/20200709_145132/932122060861,9,20200709-subject-01/20200709_145132,36,42,7,False,next_occlusion,False,3
s1_l1,20200709-subject-01/20200709_145132/932122060861,9,20200709-subject-01/20200709_145132,36,42,7,False,next_occlusion,False,3
s1_l0,20200709-subject-01/20200709_145132/932122060861,9,20200709-subject-01/20200709_145132,36,42,7,False,next_occlusion,False,3
fp,20200709-subject-01/20200709_145132/932122060861,9,20200709-subject-01/20200709_145132,36,42,7,False,next_occlusion,False,3
residual,20200709-subject-01/20200709_145132/932122060861,9,20200709-subject-01/20200709_145132,47,54,8,False,next_occlusion,False,
s0_l1,20200709-subject-01/20200709_145132/932122060861,9,20200709-subject-01/20200709_145132,47,54,8,False,next_occlusion,False,
s0_l0,20200709-subject-01/20200709_145132/932122060861,9,20200709-subject-01/20200709_145132,47,54,8,False,next_occlusion,False,
s1_l1,20200709-subject-01/20200709_145132/932122060861,9,20200709-subject-01/20200709_145132,47,54,8,False,next_occlusion,False,
s1_l0,20200709-subject-01/20200709_145132/932122060861,9,20200709-subject-01/20200709_145132,47,54,8,False,next_occlusion,False,
fp,20200709-subject-01/20200709_145132/932122060861,9,20200709-subject-01/20200709_145132,47,54,8,False,next_occlusion,False,
residual,20200709-subject-01/20200709_145132/932122060861,9,20200709-subject-01/20200709_145132,56,63,8,True,,False,3
s0_l1,20200709-subject-01/20200709_145132/932122060861,9,20200709-subject-01/20200709_145132,56,63,8,True,,False,3
s0_l0,20200709-subject-01/20200709_145132/932122060861,9,20200709-subject-01/20200709_145132,56,63,8,True,,False,3
s1_l1,20200709-subject-01/20200709_145132/932122060861,9,20200709-subject-01/20200709_145132,56,63,8,True,,False,3
s1_l0,20200709-subject-01/20200709_145132/932122060861,9,20200709-subject-01/20200709_145132,56,63,8,True,,False,3
fp,20200709-subject-01/20200709_145132/932122060861,9,20200709-subject-01/20200709_145132,56,63,8,True,,False,3
residual,20200709-subject-01/20200709_145743/836212060125,10,20200709-subject-01/20200709_145743,30,36,7,True,,False,3
s0_l1,20200709-subject-01/20200709_145743/836212060125,10,20200709-subject-01/20200709_145743,30,36,7,True,,False,3
s0_l0,20200709-subject-01/20200709_145743/836212060125,10,20200709-subject-01/20200709_145743,30,36,7,True,,False,3
s1_l1,20200709-subject-01/20200709_145743/836212060125,10,20200709-subject-01/20200709_145743,30,36,7,True,,False,3
s1_l0,20200709-subject-01/20200709_145743/836212060125,10,20200709-subject-01/20200709_145743,30,36,7,True,,False,3
fp,20200709-subject-01/20200709_145743/836212060125,10,20200709-subject-01/20200709_145743,30,36,7,True,,False,
residual,20200709-subject-01/20200709_145743/839512060362,10,20200709-subject-01/20200709_145743,27,31,5,True,,True,9
s0_l1,20200709-subject-01/20200709_145743/839512060362,10,20200709-subject-01/20200709_145743,27,31,5,True,,True,
s0_l0,20200709-subject-01/20200709_145743/839512060362,10,20200709-subject-01/20200709_145743,27,31,5,True,,True,
s1_l1,20200709-subject-01/20200709_145743/839512060362,10,20200709-subject-01/20200709_145743,27,31,5,True,,True,
s1_l0,20200709-subject-01/20200709_145743/839512060362,10,20200709-subject-01/20200709_145743,27,31,5,True,,True,
fp,20200709-subject-01/20200709_145743/839512060362,10,20200709-subject-01/20200709_145743,27,31,5,True,,True,3
residual,20200709-subject-01/20200709_145743/840412060917,10,20200709-subject-01/20200709_145743,17,21,5,True,,False,3
s0_l1,20200709-subject-01/20200709_145743/840412060917,10,20200709-subject-01/20200709_145743,17,21,5,True,,False,3
s0_l0,20200709-subject-01/20200709_145743/840412060917,10,20200709-subject-01/20200709_145743,17,21,5,True,,False,3
s1_l1,20200709-subject-01/20200709_145743/840412060917,10,20200709-subject-01/20200709_145743,17,21,5,True,,False,3
s1_l0,20200709-subject-01/20200709_145743/840412060917,10,20200709-subject-01/20200709_145743,17,21,5,True,,False,3
fp,20200709-subject-01/20200709_145743/840412060917,10,20200709-subject-01/20200709_145743,17,21,5,True,,False,3
residual,20200709-subject-01/20200709_145743/840412060917,10,20200709-subject-01/20200709_145743,41,48,8,True,,False,3
s0_l1,20200709-subject-01/20200709_145743/840412060917,10,20200709-subject-01/20200709_145743,41,48,8,True,,False,3
s0_l0,20200709-subject-01/20200709_145743/840412060917,10,20200709-subject-01/20200709_145743,41,48,8,True,,False,3
s1_l1,20200709-subject-01/20200709_145743/840412060917,10,20200709-subject-01/20200709_145743,41,48,8,True,,False,3
s1_l0,20200709-subject-01/20200709_145743/840412060917,10,20200709-subject-01/20200709_145743,41,48,8,True,,False,3
fp,20200709-subject-01/20200709_145743/840412060917,10,20200709-subject-01/20200709_145743,41,48,8,True,,False,3
residual,20200709-subject-01/20200709_145743/932122060861,10,20200709-subject-01/20200709_145743,40,49,10,True,,False,3
s0_l1,20200709-subject-01/20200709_145743/932122060861,10,20200709-subject-01/20200709_145743,40,49,10,True,,False,3
s0_l0,20200709-subject-01/20200709_145743/932122060861,10,20200709-subject-01/20200709_145743,40,49,10,True,,False,3
s1_l1,20200709-subject-01/20200709_145743/932122060861,10,20200709-subject-01/20200709_145743,40,49,10,True,,False,3
s1_l0,20200709-subject-01/20200709_145743/932122060861,10,20200709-subject-01/20200709_145743,40,49,10,True,,False,3
fp,20200709-subject-01/20200709_145743/932122060861,10,20200709-subject-01/20200709_145743,40,49,10,True,,False,
residual,20200709-subject-01/20200709_150524/932122060861,12,20200709-subject-01/20200709_150524,28,49,22,True,,False,3
s0_l1,20200709-subject-01/20200709_150524/932122060861,12,20200709-subject-01/20200709_150524,28,49,22,True,,False,3
s0_l0,20200709-subject-01/20200709_150524/932122060861,12,20200709-subject-01/20200709_150524,28,49,22,True,,False,3
s1_l1,20200709-subject-01/20200709_150524/932122060861,12,20200709-subject-01/20200709_150524,28,49,22,True,,False,3
s1_l0,20200709-subject-01/20200709_150524/932122060861,12,20200709-subject-01/20200709_150524,28,49,22,True,,False,3
fp,20200709-subject-01/20200709_150524/932122060861,12,20200709-subject-01/20200709_150524,28,49,22,True,,False,
residual,20200709-subject-01/20200709_151246/840412060917,14,20200709-subject-01/20200709_151246,19,25,7,True,,False,3
s0_l1,20200709-subject-01/20200709_151246/840412060917,14,20200709-subject-01/20200709_151246,19,25,7,True,,False,3
s0_l0,20200709-subject-01/20200709_151246/840412060917,14,20200709-subject-01/20200709_151246,19,25,7,True,,False,3
s1_l1,20200709-subject-01/20200709_151246/840412060917,14,20200709-subject-01/20200709_151246,19,25,7,True,,False,3
s1_l0,20200709-subject-01/20200709_151246/840412060917,14,20200709-subject-01/20200709_151246,19,25,7,True,,False,3
fp,20200709-subject-01/20200709_151246/840412060917,14,20200709-subject-01/20200709_151246,19,25,7,True,,False,3
residual,20200709-subject-01/20200709_151246/840412060917,14,20200709-subject-01/20200709_151246,39,43,5,True,,False,3
s0_l1,20200709-subject-01/20200709_151246/840412060917,14,20200709-subject-01/20200709_151246,39,43,5,True,,False,3
s0_l0,20200709-subject-01/20200709_151246/840412060917,14,20200709-subject-01/20200709_151246,39,43,5,True,,False,3
s1_l1,20200709-subject-01/20200709_151246/840412060917,14,20200709-subject-01/20200709_151246,39,43,5,True,,False,3
s1_l0,20200709-subject-01/20200709_151246/840412060917,14,20200709-subject-01/20200709_151246,39,43,5,True,,False,3
fp,20200709-subject-01/20200709_151246/840412060917,14,20200709-subject-01/20200709_151246,39,43,5,True,,False,3
residual,20200709-subject-01/20200709_151246/932122062010,14,20200709-subject-01/20200709_151246,46,46,1,True,,False,3
s0_l1,20200709-subject-01/20200709_151246/932122062010,14,20200709-subject-01/20200709_151246,46,46,1,True,,False,3
s0_l0,20200709-subject-01/20200709_151246/932122062010,14,20200709-subject-01/20200709_151246,46,46,1,True,,False,3
s1_l1,20200709-subject-01/20200709_151246/932122062010,14,20200709-subject-01/20200709_151246,46,46,1,True,,False,3
s1_l0,20200709-subject-01/20200709_151246/932122062010,14,20200709-subject-01/20200709_151246,46,46,1,True,,False,3
fp,20200709-subject-01/20200709_151246/932122062010,14,20200709-subject-01/20200709_151246,46,46,1,True,,False,3
residual,20200709-subject-01/20200709_151632/839512060362,15,20200709-subject-01/20200709_151632,1,35,35,True,,False,3
s0_l1,20200709-subject-01/20200709_151632/839512060362,15,20200709-subject-01/20200709_151632,1,35,35,True,,False,3
s0_l0,20200709-subject-01/20200709_151632/839512060362,15,20200709-subject-01/20200709_151632,1,35,35,True,,False,3
s1_l1,20200709-subject-01/20200709_151632/839512060362,15,20200709-subject-01/20200709_151632,1,35,35,True,,False,3
s1_l0,20200709-subject-01/20200709_151632/839512060362,15,20200709-subject-01/20200709_151632,1,35,35,True,,False,3
fp,20200709-subject-01/20200709_151632/839512060362,15,20200709-subject-01/20200709_151632,1,35,35,True,,False,3
residual,20200709-subject-01/20200709_151948/841412060263,16,20200709-subject-01/20200709_151948,21,22,2,True,,False,3
s0_l1,20200709-subject-01/20200709_151948/841412060263,16,20200709-subject-01/20200709_151948,21,22,2,True,,False,3
s0_l0,20200709-subject-01/20200709_151948/841412060263,16,20200709-subject-01/20200709_151948,21,22,2,True,,False,3
s1_l1,20200709-subject-01/20200709_151948/841412060263,16,20200709-subject-01/20200709_151948,21,22,2,True,,False,3
s1_l0,20200709-subject-01/20200709_151948/841412060263,16,20200709-subject-01/20200709_151948,21,22,2,True,,False,3
fp,20200709-subject-01/20200709_151948/841412060263,16,20200709-subject-01/20200709_151948,21,22,2,True,,False,3
residual,20200709-subject-01/20200709_151948/932122060857,16,20200709-subject-01/20200709_151948,28,59,32,True,,True,
s0_l1,20200709-subject-01/20200709_151948/932122060857,16,20200709-subject-01/20200709_151948,28,59,32,True,,True,
s0_l0,20200709-subject-01/20200709_151948/932122060857,16,20200709-subject-01/20200709_151948,28,59,32,True,,True,
s1_l1,20200709-subject-01/20200709_151948/932122060857,16,20200709-subject-01/20200709_151948,28,59,32,True,,True,
s1_l0,20200709-subject-01/20200709_151948/932122060857,16,20200709-subject-01/20200709_151948,28,59,32,True,,True,
fp,20200709-subject-01/20200709_151948/932122060857,16,20200709-subject-01/20200709_151948,28,59,32,True,,True,
residual,20200709-subject-01/20200709_152420/836212060125,17,20200709-subject-01/20200709_152420,1,31,31,True,,True,
s0_l1,20200709-subject-01/20200709_152420/836212060125,17,20200709-subject-01/20200709_152420,1,31,31,True,,True,
s0_l0,20200709-subject-01/20200709_152420/836212060125,17,20200709-subject-01/20200709_152420,1,31,31,True,,True,
s1_l1,20200709-subject-01/20200709_152420/836212060125,17,20200709-subject-01/20200709_152420,1,31,31,True,,True,
s1_l0,20200709-subject-01/20200709_152420/836212060125,17,20200709-subject-01/20200709_152420,1,31,31,True,,True,
fp,20200709-subject-01/20200709_152420/836212060125,17,20200709-subject-01/20200709_152420,1,31,31,True,,True,3
residual,20200709-subject-01/20200709_152420/840412060917,17,20200709-subject-01/20200709_152420,15,54,40,True,,True,
s0_l1,20200709-subject-01/20200709_152420/840412060917,17,20200709-subject-01/20200709_152420,15,54,40,True,,True,
s0_l0,20200709-subject-01/20200709_152420/840412060917,17,20200709-subject-01/20200709_152420,15,54,40,True,,True,
s1_l1,20200709-subject-01/20200709_152420/840412060917,17,20200709-subject-01/20200709_152420,15,54,40,True,,True,
s1_l0,20200709-subject-01/20200709_152420/840412060917,17,20200709-subject-01/20200709_152420,15,54,40,True,,True,
fp,20200709-subject-01/20200709_152420/840412060917,17,20200709-subject-01/20200709_152420,15,54,40,True,,True,8
residual,20200709-subject-01/20200709_152757/840412060917,18,20200709-subject-01/20200709_152757,18,20,3,True,,False,3
s0_l1,20200709-subject-01/20200709_152757/840412060917,18,20200709-subject-01/20200709_152757,18,20,3,True,,False,3
s0_l0,20200709-subject-01/20200709_152757/840412060917,18,20200709-subject-01/20200709_152757,18,20,3,True,,False,3
s1_l1,20200709-subject-01/20200709_152757/840412060917,18,20200709-subject-01/20200709_152757,18,20,3,True,,False,3
s1_l0,20200709-subject-01/20200709_152757/840412060917,18,20200709-subject-01/20200709_152757,18,20,3,True,,False,3
fp,20200709-subject-01/20200709_152757/840412060917,18,20200709-subject-01/20200709_152757,18,20,3,True,,False,3
residual,20200709-subject-01/20200709_152757/840412060917,18,20200709-subject-01/20200709_152757,53,71,19,False,stream_end,False,
s0_l1,20200709-subject-01/20200709_152757/840412060917,18,20200709-subject-01/20200709_152757,53,71,19,False,stream_end,False,
s0_l0,20200709-subject-01/20200709_152757/840412060917,18,20200709-subject-01/20200709_152757,53,71,19,False,stream_end,False,
s1_l1,20200709-subject-01/20200709_152757/840412060917,18,20200709-subject-01/20200709_152757,53,71,19,False,stream_end,False,
s1_l0,20200709-subject-01/20200709_152757/840412060917,18,20200709-subject-01/20200709_152757,53,71,19,False,stream_end,False,
fp,20200709-subject-01/20200709_152757/840412060917,18,20200709-subject-01/20200709_152757,53,71,19,False,stream_end,False,
residual,20200709-subject-01/20200709_152757/932122060861,18,20200709-subject-01/20200709_152757,26,71,46,False,stream_end,True,
s0_l1,20200709-subject-01/20200709_152757/932122060861,18,20200709-subject-01/20200709_152757,26,71,46,False,stream_end,True,
s0_l0,20200709-subject-01/20200709_152757/932122060861,18,20200709-subject-01/20200709_152757,26,71,46,False,stream_end,True,
s1_l1,20200709-subject-01/20200709_152757/932122060861,18,20200709-subject-01/20200709_152757,26,71,46,False,stream_end,True,
s1_l0,20200709-subject-01/20200709_152757/932122060861,18,20200709-subject-01/20200709_152757,26,71,46,False,stream_end,True,
fp,20200709-subject-01/20200709_152757/932122060861,18,20200709-subject-01/20200709_152757,26,71,46,False,stream_end,True,
residual,20200709-subject-01/20200709_152757/932122061900,18,20200709-subject-01/20200709_152757,38,40,3,False,next_occlusion,False,
s0_l1,20200709-subject-01/20200709_152757/932122061900,18,20200709-subject-01/20200709_152757,38,40,3,False,next_occlusion,False,
s0_l0,20200709-subject-01/20200709_152757/932122061900,18,20200709-subject-01/20200709_152757,38,40,3,False,next_occlusion,False,
s1_l1,20200709-subject-01/20200709_152757/932122061900,18,20200709-subject-01/20200709_152757,38,40,3,False,next_occlusion,False,
s1_l0,20200709-subject-01/20200709_152757/932122061900,18,20200709-subject-01/20200709_152757,38,40,3,False,next_occlusion,False,
fp,20200709-subject-01/20200709_152757/932122061900,18,20200709-subject-01/20200709_152757,38,40,3,False,next_occlusion,False,
residual,20200709-subject-01/20200709_152757/932122061900,18,20200709-subject-01/20200709_152757,42,44,3,True,,False,9
s0_l1,20200709-subject-01/20200709_152757/932122061900,18,20200709-subject-01/20200709_152757,42,44,3,True,,False,3
s0_l0,20200709-subject-01/20200709_152757/932122061900,18,20200709-subject-01/20200709_152757,42,44,3,True,,False,3
s1_l1,20200709-subject-01/20200709_152757/932122061900,18,20200709-subject-01/20200709_152757,42,44,3,True,,False,3
s1_l0,20200709-subject-01/20200709_152757/932122061900,18,20200709-subject-01/20200709_152757,42,44,3,True,,False,3
fp,20200709-subject-01/20200709_152757/932122061900,18,20200709-subject-01/20200709_152757,42,44,3,True,,False,
residual,20200709-subject-01/20200709_153148/932122060857,20,20200709-subject-01/20200709_153148,21,70,50,False,stream_end,True,
s0_l1,20200709-subject-01/20200709_153148/932122060857,20,20200709-subject-01/20200709_153148,21,70,50,False,stream_end,True,
s0_l0,20200709-subject-01/20200709_153148/932122060857,20,20200709-subject-01/20200709_153148,21,70,50,False,stream_end,True,
s1_l1,20200709-subject-01/20200709_153148/932122060857,20,20200709-subject-01/20200709_153148,21,70,50,False,stream_end,True,
s1_l0,20200709-subject-01/20200709_153148/932122060857,20,20200709-subject-01/20200709_153148,21,70,50,False,stream_end,True,
fp,20200709-subject-01/20200709_153148/932122060857,20,20200709-subject-01/20200709_153148,21,70,50,False,stream_end,True,
residual,20200709-subject-01/20200709_153548/841412060263,21,20200709-subject-01/20200709_153548,18,22,5,False,next_occlusion,True,
s0_l1,20200709-subject-01/20200709_153548/841412060263,21,20200709-subject-01/20200709_153548,18,22,5,False,next_occlusion,True,
s0_l0,20200709-subject-01/20200709_153548/841412060263,21,20200709-subject-01/20200709_153548,18,22,5,False,next_occlusion,True,
s1_l1,20200709-subject-01/20200709_153548/841412060263,21,20200709-subject-01/20200709_153548,18,22,5,False,next_occlusion,True,
s1_l0,20200709-subject-01/20200709_153548/841412060263,21,20200709-subject-01/20200709_153548,18,22,5,False,next_occlusion,True,
fp,20200709-subject-01/20200709_153548/841412060263,21,20200709-subject-01/20200709_153548,18,22,5,False,next_occlusion,True,
residual,20200709-subject-01/20200709_153548/841412060263,21,20200709-subject-01/20200709_153548,32,71,40,False,stream_end,True,
s0_l1,20200709-subject-01/20200709_153548/841412060263,21,20200709-subject-01/20200709_153548,32,71,40,False,stream_end,True,
s0_l0,20200709-subject-01/20200709_153548/841412060263,21,20200709-subject-01/20200709_153548,32,71,40,False,stream_end,True,
s1_l1,20200709-subject-01/20200709_153548/841412060263,21,20200709-subject-01/20200709_153548,32,71,40,False,stream_end,True,
s1_l0,20200709-subject-01/20200709_153548/841412060263,21,20200709-subject-01/20200709_153548,32,71,40,False,stream_end,True,
fp,20200709-subject-01/20200709_153548/841412060263,21,20200709-subject-01/20200709_153548,32,71,40,False,stream_end,True,
residual,20200709-subject-01/20200709_153548/932122060857,21,20200709-subject-01/20200709_153548,26,52,27,True,,False,3
s0_l1,20200709-subject-01/20200709_153548/932122060857,21,20200709-subject-01/20200709_153548,26,52,27,True,,False,3
s0_l0,20200709-subject-01/20200709_153548/932122060857,21,20200709-subject-01/20200709_153548,26,52,27,True,,False,3
s1_l1,20200709-subject-01/20200709_153548/932122060857,21,20200709-subject-01/20200709_153548,26,52,27,True,,False,3
s1_l0,20200709-subject-01/20200709_153548/932122060857,21,20200709-subject-01/20200709_153548,26,52,27,True,,False,3
fp,20200709-subject-01/20200709_153548/932122060857,21,20200709-subject-01/20200709_153548,26,52,27,True,,False,4
residual,20200813-subject-02/20200813_145612/841412060263,1,20200813-subject-02/20200813_145612,15,17,3,True,,False,3
s0_l1,20200813-subject-02/20200813_145612/841412060263,1,20200813-subject-02/20200813_145612,15,17,3,True,,False,3
s0_l0,20200813-subject-02/20200813_145612/841412060263,1,20200813-subject-02/20200813_145612,15,17,3,True,,False,3
s1_l1,20200813-subject-02/20200813_145612/841412060263,1,20200813-subject-02/20200813_145612,15,17,3,True,,False,3
s1_l0,20200813-subject-02/20200813_145612/841412060263,1,20200813-subject-02/20200813_145612,15,17,3,True,,False,3
fp,20200813-subject-02/20200813_145612/841412060263,1,20200813-subject-02/20200813_145612,15,17,3,True,,False,3
residual,20200813-subject-02/20200813_150535/836212060125,4,20200813-subject-02/20200813_150535,33,36,4,True,,False,3
s0_l1,20200813-subject-02/20200813_150535/836212060125,4,20200813-subject-02/20200813_150535,33,36,4,True,,False,3
s0_l0,20200813-subject-02/20200813_150535/836212060125,4,20200813-subject-02/20200813_150535,33,36,4,True,,False,3
s1_l1,20200813-subject-02/20200813_150535/836212060125,4,20200813-subject-02/20200813_150535,33,36,4,True,,False,3
s1_l0,20200813-subject-02/20200813_150535/836212060125,4,20200813-subject-02/20200813_150535,33,36,4,True,,False,3
fp,20200813-subject-02/20200813_150535/836212060125,4,20200813-subject-02/20200813_150535,33,36,4,True,,False,
residual,20200813-subject-02/20200813_150535/841412060263,4,20200813-subject-02/20200813_150535,15,26,12,True,,False,3
s0_l1,20200813-subject-02/20200813_150535/841412060263,4,20200813-subject-02/20200813_150535,15,26,12,True,,False,3
s0_l0,20200813-subject-02/20200813_150535/841412060263,4,20200813-subject-02/20200813_150535,15,26,12,True,,False,3
s1_l1,20200813-subject-02/20200813_150535/841412060263,4,20200813-subject-02/20200813_150535,15,26,12,True,,False,3
s1_l0,20200813-subject-02/20200813_150535/841412060263,4,20200813-subject-02/20200813_150535,15,26,12,True,,False,3
fp,20200813-subject-02/20200813_150535/841412060263,4,20200813-subject-02/20200813_150535,15,26,12,True,,False,3
residual,20200813-subject-02/20200813_150535/841412060263,4,20200813-subject-02/20200813_150535,40,45,6,False,initialization_or_missing_pose_or_visibility,True,
s0_l1,20200813-subject-02/20200813_150535/841412060263,4,20200813-subject-02/20200813_150535,40,45,6,False,initialization_or_missing_pose_or_visibility,True,
s0_l0,20200813-subject-02/20200813_150535/841412060263,4,20200813-subject-02/20200813_150535,40,45,6,False,initialization_or_missing_pose_or_visibility,True,
s1_l1,20200813-subject-02/20200813_150535/841412060263,4,20200813-subject-02/20200813_150535,40,45,6,False,initialization_or_missing_pose_or_visibility,True,
s1_l0,20200813-subject-02/20200813_150535/841412060263,4,20200813-subject-02/20200813_150535,40,45,6,False,initialization_or_missing_pose_or_visibility,True,
fp,20200813-subject-02/20200813_150535/841412060263,4,20200813-subject-02/20200813_150535,40,45,6,False,initialization_or_missing_pose_or_visibility,True,
residual,20200813-subject-02/20200813_150823/840412060917,5,20200813-subject-02/20200813_150823,15,33,19,False,next_occlusion,False,3
s0_l1,20200813-subject-02/20200813_150823/840412060917,5,20200813-subject-02/20200813_150823,15,33,19,False,next_occlusion,False,3
s0_l0,20200813-subject-02/20200813_150823/840412060917,5,20200813-subject-02/20200813_150823,15,33,19,False,next_occlusion,False,3
s1_l1,20200813-subject-02/20200813_150823/840412060917,5,20200813-subject-02/20200813_150823,15,33,19,False,next_occlusion,False,3
s1_l0,20200813-subject-02/20200813_150823/840412060917,5,20200813-subject-02/20200813_150823,15,33,19,False,next_occlusion,False,3
fp,20200813-subject-02/20200813_150823/840412060917,5,20200813-subject-02/20200813_150823,15,33,19,False,next_occlusion,False,3
residual,20200813-subject-02/20200813_150823/840412060917,5,20200813-subject-02/20200813_150823,43,44,2,False,initialization_or_missing_pose_or_visibility,True,
s0_l1,20200813-subject-02/20200813_150823/840412060917,5,20200813-subject-02/20200813_150823,43,44,2,False,initialization_or_missing_pose_or_visibility,True,
s0_l0,20200813-subject-02/20200813_150823/840412060917,5,20200813-subject-02/20200813_150823,43,44,2,False,initialization_or_missing_pose_or_visibility,True,
s1_l1,20200813-subject-02/20200813_150823/840412060917,5,20200813-subject-02/20200813_150823,43,44,2,False,initialization_or_missing_pose_or_visibility,True,
s1_l0,20200813-subject-02/20200813_150823/840412060917,5,20200813-subject-02/20200813_150823,43,44,2,False,initialization_or_missing_pose_or_visibility,True,
fp,20200813-subject-02/20200813_150823/840412060917,5,20200813-subject-02/20200813_150823,43,44,2,False,initialization_or_missing_pose_or_visibility,True,
residual,20200813-subject-02/20200813_150823/932122060861,5,20200813-subject-02/20200813_150823,25,27,3,False,next_occlusion,False,
s0_l1,20200813-subject-02/20200813_150823/932122060861,5,20200813-subject-02/20200813_150823,25,27,3,False,next_occlusion,False,
s0_l0,20200813-subject-02/20200813_150823/932122060861,5,20200813-subject-02/20200813_150823,25,27,3,False,next_occlusion,False,
s1_l1,20200813-subject-02/20200813_150823/932122060861,5,20200813-subject-02/20200813_150823,25,27,3,False,next_occlusion,False,
s1_l0,20200813-subject-02/20200813_150823/932122060861,5,20200813-subject-02/20200813_150823,25,27,3,False,next_occlusion,False,
fp,20200813-subject-02/20200813_150823/932122060861,5,20200813-subject-02/20200813_150823,25,27,3,False,next_occlusion,False,
residual,20200813-subject-02/20200813_150823/932122060861,5,20200813-subject-02/20200813_150823,29,34,6,True,,False,3
s0_l1,20200813-subject-02/20200813_150823/932122060861,5,20200813-subject-02/20200813_150823,29,34,6,True,,False,3
s0_l0,20200813-subject-02/20200813_150823/932122060861,5,20200813-subject-02/20200813_150823,29,34,6,True,,False,3
s1_l1,20200813-subject-02/20200813_150823/932122060861,5,20200813-subject-02/20200813_150823,29,34,6,True,,False,3
s1_l0,20200813-subject-02/20200813_150823/932122060861,5,20200813-subject-02/20200813_150823,29,34,6,True,,False,3
fp,20200813-subject-02/20200813_150823/932122060861,5,20200813-subject-02/20200813_150823,29,34,6,True,,False,3
residual,20200813-subject-02/20200813_151117/836212060125,6,20200813-subject-02/20200813_151117,43,46,4,True,,True,
s0_l1,20200813-subject-02/20200813_151117/836212060125,6,20200813-subject-02/20200813_151117,43,46,4,True,,True,
s0_l0,20200813-subject-02/20200813_151117/836212060125,6,20200813-subject-02/20200813_151117,43,46,4,True,,True,
s1_l1,20200813-subject-02/20200813_151117/836212060125,6,20200813-subject-02/20200813_151117,43,46,4,True,,True,
s1_l0,20200813-subject-02/20200813_151117/836212060125,6,20200813-subject-02/20200813_151117,43,46,4,True,,True,
fp,20200813-subject-02/20200813_151117/836212060125,6,20200813-subject-02/20200813_151117,43,46,4,True,,True,
residual,20200813-subject-02/20200813_151117/840412060917,6,20200813-subject-02/20200813_151117,58,60,3,False,initialization_or_missing_pose_or_visibility,True,
s0_l1,20200813-subject-02/20200813_151117/840412060917,6,20200813-subject-02/20200813_151117,58,60,3,False,initialization_or_missing_pose_or_visibility,True,
s0_l0,20200813-subject-02/20200813_151117/840412060917,6,20200813-subject-02/20200813_151117,58,60,3,False,initialization_or_missing_pose_or_visibility,True,
s1_l1,20200813-subject-02/20200813_151117/840412060917,6,20200813-subject-02/20200813_151117,58,60,3,False,initialization_or_missing_pose_or_visibility,True,
s1_l0,20200813-subject-02/20200813_151117/840412060917,6,20200813-subject-02/20200813_151117,58,60,3,False,initialization_or_missing_pose_or_visibility,True,
fp,20200813-subject-02/20200813_151117/840412060917,6,20200813-subject-02/20200813_151117,58,60,3,False,initialization_or_missing_pose_or_visibility,True,
residual,20200813-subject-02/20200813_151117/841412060263,6,20200813-subject-02/20200813_151117,17,21,5,True,,True,6
s0_l1,20200813-subject-02/20200813_151117/841412060263,6,20200813-subject-02/20200813_151117,17,21,5,True,,True,3
s0_l0,20200813-subject-02/20200813_151117/841412060263,6,20200813-subject-02/20200813_151117,17,21,5,True,,True,3
s1_l1,20200813-subject-02/20200813_151117/841412060263,6,20200813-subject-02/20200813_151117,17,21,5,True,,True,3
s1_l0,20200813-subject-02/20200813_151117/841412060263,6,20200813-subject-02/20200813_151117,17,21,5,True,,True,3
fp,20200813-subject-02/20200813_151117/841412060263,6,20200813-subject-02/20200813_151117,17,21,5,True,,True,
residual,20200813-subject-02/20200813_151117/841412060263,6,20200813-subject-02/20200813_151117,41,45,5,True,,False,
s0_l1,20200813-subject-02/20200813_151117/841412060263,6,20200813-subject-02/20200813_151117,41,45,5,True,,False,
s0_l0,20200813-subject-02/20200813_151117/841412060263,6,20200813-subject-02/20200813_151117,41,45,5,True,,False,
s1_l1,20200813-subject-02/20200813_151117/841412060263,6,20200813-subject-02/20200813_151117,41,45,5,True,,False,
s1_l0,20200813-subject-02/20200813_151117/841412060263,6,20200813-subject-02/20200813_151117,41,45,5,True,,False,
fp,20200813-subject-02/20200813_151117/841412060263,6,20200813-subject-02/20200813_151117,41,45,5,True,,False,
residual,20200813-subject-02/20200813_151117/932122060857,6,20200813-subject-02/20200813_151117,22,40,19,True,,True,7
s0_l1,20200813-subject-02/20200813_151117/932122060857,6,20200813-subject-02/20200813_151117,22,40,19,True,,True,7
s0_l0,20200813-subject-02/20200813_151117/932122060857,6,20200813-subject-02/20200813_151117,22,40,19,True,,True,7
s1_l1,20200813-subject-02/20200813_151117/932122060857,6,20200813-subject-02/20200813_151117,22,40,19,True,,True,7
s1_l0,20200813-subject-02/20200813_151117/932122060857,6,20200813-subject-02/20200813_151117,22,40,19,True,,True,7
fp,20200813-subject-02/20200813_151117/932122060857,6,20200813-subject-02/20200813_151117,22,40,19,True,,True,
residual,20200813-subject-02/20200813_151117/932122062010,6,20200813-subject-02/20200813_151117,25,38,14,True,,False,5
s0_l1,20200813-subject-02/20200813_151117/932122062010,6,20200813-subject-02/20200813_151117,25,38,14,True,,False,5
s0_l0,20200813-subject-02/20200813_151117/932122062010,6,20200813-subject-02/20200813_151117,25,38,14,True,,False,5
s1_l1,20200813-subject-02/20200813_151117/932122062010,6,20200813-subject-02/20200813_151117,25,38,14,True,,False,5
s1_l0,20200813-subject-02/20200813_151117/932122062010,6,20200813-subject-02/20200813_151117,25,38,14,True,,False,5
fp,20200813-subject-02/20200813_151117/932122062010,6,20200813-subject-02/20200813_151117,25,38,14,True,,False,
residual,20200813-subject-02/20200813_151925/840412060917,7,20200813-subject-02/20200813_151925,22,43,22,True,,False,6
s0_l1,20200813-subject-02/20200813_151925/840412060917,7,20200813-subject-02/20200813_151925,22,43,22,True,,False,6
s0_l0,20200813-subject-02/20200813_151925/840412060917,7,20200813-subject-02/20200813_151925,22,43,22,True,,False,6
s1_l1,20200813-subject-02/20200813_151925/840412060917,7,20200813-subject-02/20200813_151925,22,43,22,True,,False,6
s1_l0,20200813-subject-02/20200813_151925/840412060917,7,20200813-subject-02/20200813_151925,22,43,22,True,,False,6
fp,20200813-subject-02/20200813_151925/840412060917,7,20200813-subject-02/20200813_151925,22,43,22,True,,False,5
residual,20200813-subject-02/20200813_151925/932122060857,7,20200813-subject-02/20200813_151925,29,37,9,True,,False,7
s0_l1,20200813-subject-02/20200813_151925/932122060857,7,20200813-subject-02/20200813_151925,29,37,9,True,,False,7
s0_l0,20200813-subject-02/20200813_151925/932122060857,7,20200813-subject-02/20200813_151925,29,37,9,True,,False,7
s1_l1,20200813-subject-02/20200813_151925/932122060857,7,20200813-subject-02/20200813_151925,29,37,9,True,,False,7
s1_l0,20200813-subject-02/20200813_151925/932122060857,7,20200813-subject-02/20200813_151925,29,37,9,True,,False,7
fp,20200813-subject-02/20200813_151925/932122060857,7,20200813-subject-02/20200813_151925,29,37,9,True,,False,
residual,20200813-subject-02/20200813_151925/932122060861,7,20200813-subject-02/20200813_151925,27,42,16,True,,False,3
s0_l1,20200813-subject-02/20200813_151925/932122060861,7,20200813-subject-02/20200813_151925,27,42,16,True,,False,5
s0_l0,20200813-subject-02/20200813_151925/932122060861,7,20200813-subject-02/20200813_151925,27,42,16,True,,False,5
s1_l1,20200813-subject-02/20200813_151925/932122060861,7,20200813-subject-02/20200813_151925,27,42,16,True,,False,5
s1_l0,20200813-subject-02/20200813_151925/932122060861,7,20200813-subject-02/20200813_151925,27,42,16,True,,False,5
fp,20200813-subject-02/20200813_151925/932122060861,7,20200813-subject-02/20200813_151925,27,42,16,True,,False,
residual,20200813-subject-02/20200813_152215/932122060857,8,20200813-subject-02/20200813_152215,25,43,19,True,,True,6
s0_l1,20200813-subject-02/20200813_152215/932122060857,8,20200813-subject-02/20200813_152215,25,43,19,True,,True,6
s0_l0,20200813-subject-02/20200813_152215/932122060857,8,20200813-subject-02/20200813_152215,25,43,19,True,,True,6
s1_l1,20200813-subject-02/20200813_152215/932122060857,8,20200813-subject-02/20200813_152215,25,43,19,True,,True,6
s1_l0,20200813-subject-02/20200813_152215/932122060857,8,20200813-subject-02/20200813_152215,25,43,19,True,,True,6
fp,20200813-subject-02/20200813_152215/932122060857,8,20200813-subject-02/20200813_152215,25,43,19,True,,True,
residual,20200813-subject-02/20200813_152215/932122060861,8,20200813-subject-02/20200813_152215,29,36,8,True,,False,3
s0_l1,20200813-subject-02/20200813_152215/932122060861,8,20200813-subject-02/20200813_152215,29,36,8,True,,False,3
s0_l0,20200813-subject-02/20200813_152215/932122060861,8,20200813-subject-02/20200813_152215,29,36,8,True,,False,3
s1_l1,20200813-subject-02/20200813_152215/932122060861,8,20200813-subject-02/20200813_152215,29,36,8,True,,False,3
s1_l0,20200813-subject-02/20200813_152215/932122060861,8,20200813-subject-02/20200813_152215,29,36,8,True,,False,3
fp,20200813-subject-02/20200813_152215/932122060861,8,20200813-subject-02/20200813_152215,29,36,8,True,,False,10
residual,20200813-subject-02/20200813_152215/932122062010,8,20200813-subject-02/20200813_152215,33,40,8,True,,True,
s0_l1,20200813-subject-02/20200813_152215/932122062010,8,20200813-subject-02/20200813_152215,33,40,8,True,,True,
s0_l0,20200813-subject-02/20200813_152215/932122062010,8,20200813-subject-02/20200813_152215,33,40,8,True,,True,
s1_l1,20200813-subject-02/20200813_152215/932122062010,8,20200813-subject-02/20200813_152215,33,40,8,True,,True,
s1_l0,20200813-subject-02/20200813_152215/932122062010,8,20200813-subject-02/20200813_152215,33,40,8,True,,True,
fp,20200813-subject-02/20200813_152215/932122062010,8,20200813-subject-02/20200813_152215,33,40,8,True,,True,
residual,20200813-subject-02/20200813_152513/839512060362,9,20200813-subject-02/20200813_152513,44,73,30,False,stream_end,False,
s0_l1,20200813-subject-02/20200813_152513/839512060362,9,20200813-subject-02/20200813_152513,44,73,30,False,stream_end,False,
s0_l0,20200813-subject-02/20200813_152513/839512060362,9,20200813-subject-02/20200813_152513,44,73,30,False,stream_end,False,
s1_l1,20200813-subject-02/20200813_152513/839512060362,9,20200813-subject-02/20200813_152513,44,73,30,False,stream_end,False,
s1_l0,20200813-subject-02/20200813_152513/839512060362,9,20200813-subject-02/20200813_152513,44,73,30,False,stream_end,False,
fp,20200813-subject-02/20200813_152513/839512060362,9,20200813-subject-02/20200813_152513,44,73,30,False,stream_end,False,
residual,20200813-subject-02/20200813_152513/840412060917,9,20200813-subject-02/20200813_152513,32,73,42,False,stream_end,True,
s0_l1,20200813-subject-02/20200813_152513/840412060917,9,20200813-subject-02/20200813_152513,32,73,42,False,stream_end,True,
s0_l0,20200813-subject-02/20200813_152513/840412060917,9,20200813-subject-02/20200813_152513,32,73,42,False,stream_end,True,
s1_l1,20200813-subject-02/20200813_152513/840412060917,9,20200813-subject-02/20200813_152513,32,73,42,False,stream_end,True,
s1_l0,20200813-subject-02/20200813_152513/840412060917,9,20200813-subject-02/20200813_152513,32,73,42,False,stream_end,True,
fp,20200813-subject-02/20200813_152513/840412060917,9,20200813-subject-02/20200813_152513,32,73,42,False,stream_end,True,
residual,20200813-subject-02/20200813_152513/932122060857,9,20200813-subject-02/20200813_152513,29,40,12,True,,False,3
s0_l1,20200813-subject-02/20200813_152513/932122060857,9,20200813-subject-02/20200813_152513,29,40,12,True,,False,3
s0_l0,20200813-subject-02/20200813_152513/932122060857,9,20200813-subject-02/20200813_152513,29,40,12,True,,False,3
s1_l1,20200813-subject-02/20200813_152513/932122060857,9,20200813-subject-02/20200813_152513,29,40,12,True,,False,3
s1_l0,20200813-subject-02/20200813_152513/932122060857,9,20200813-subject-02/20200813_152513,29,40,12,True,,False,3
fp,20200813-subject-02/20200813_152513/932122060857,9,20200813-subject-02/20200813_152513,29,40,12,True,,False,
residual,20200813-subject-02/20200813_152513/932122060861,9,20200813-subject-02/20200813_152513,30,46,17,True,,False,3
s0_l1,20200813-subject-02/20200813_152513/932122060861,9,20200813-subject-02/20200813_152513,30,46,17,True,,False,3
s0_l0,20200813-subject-02/20200813_152513/932122060861,9,20200813-subject-02/20200813_152513,30,46,17,True,,False,3
s1_l1,20200813-subject-02/20200813_152513/932122060861,9,20200813-subject-02/20200813_152513,30,46,17,True,,False,3
s1_l0,20200813-subject-02/20200813_152513/932122060861,9,20200813-subject-02/20200813_152513,30,46,17,True,,False,3
fp,20200813-subject-02/20200813_152513/932122060861,9,20200813-subject-02/20200813_152513,30,46,17,True,,False,
residual,20200813-subject-02/20200813_152513/932122061900,9,20200813-subject-02/20200813_152513,32,44,13,True,,False,3
s0_l1,20200813-subject-02/20200813_152513/932122061900,9,20200813-subject-02/20200813_152513,32,44,13,True,,False,3
s0_l0,20200813-subject-02/20200813_152513/932122061900,9,20200813-subject-02/20200813_152513,32,44,13,True,,False,3
s1_l1,20200813-subject-02/20200813_152513/932122061900,9,20200813-subject-02/20200813_152513,32,44,13,True,,False,3
s1_l0,20200813-subject-02/20200813_152513/932122061900,9,20200813-subject-02/20200813_152513,32,44,13,True,,False,3
fp,20200813-subject-02/20200813_152513/932122061900,9,20200813-subject-02/20200813_152513,32,44,13,True,,False,
residual,20200813-subject-02/20200813_152842/839512060362,10,20200813-subject-02/20200813_152842,41,43,3,True,,True,9
s0_l1,20200813-subject-02/20200813_152842/839512060362,10,20200813-subject-02/20200813_152842,41,43,3,True,,True,9
s0_l0,20200813-subject-02/20200813_152842/839512060362,10,20200813-subject-02/20200813_152842,41,43,3,True,,True,9
s1_l1,20200813-subject-02/20200813_152842/839512060362,10,20200813-subject-02/20200813_152842,41,43,3,True,,True,9
s1_l0,20200813-subject-02/20200813_152842/839512060362,10,20200813-subject-02/20200813_152842,41,43,3,True,,True,9
fp,20200813-subject-02/20200813_152842/839512060362,10,20200813-subject-02/20200813_152842,41,43,3,True,,True,
residual,20200813-subject-02/20200813_152842/841412060263,10,20200813-subject-02/20200813_152842,1,35,35,True,,True,5
s0_l1,20200813-subject-02/20200813_152842/841412060263,10,20200813-subject-02/20200813_152842,1,35,35,True,,True,5
s0_l0,20200813-subject-02/20200813_152842/841412060263,10,20200813-subject-02/20200813_152842,1,35,35,True,,True,5
s1_l1,20200813-subject-02/20200813_152842/841412060263,10,20200813-subject-02/20200813_152842,1,35,35,True,,True,5
s1_l0,20200813-subject-02/20200813_152842/841412060263,10,20200813-subject-02/20200813_152842,1,35,35,True,,True,5
fp,20200813-subject-02/20200813_152842/841412060263,10,20200813-subject-02/20200813_152842,1,35,35,True,,True,
residual,20200813-subject-02/20200813_152842/932122060861,10,20200813-subject-02/20200813_152842,25,41,17,True,,False,
s0_l1,20200813-subject-02/20200813_152842/932122060861,10,20200813-subject-02/20200813_152842,25,41,17,True,,False,
s0_l0,20200813-subject-02/20200813_152842/932122060861,10,20200813-subject-02/20200813_152842,25,41,17,True,,False,
s1_l1,20200813-subject-02/20200813_152842/932122060861,10,20200813-subject-02/20200813_152842,25,41,17,True,,False,
s1_l0,20200813-subject-02/20200813_152842/932122060861,10,20200813-subject-02/20200813_152842,25,41,17,True,,False,
fp,20200813-subject-02/20200813_152842/932122060861,10,20200813-subject-02/20200813_152842,25,41,17,True,,False,
residual,20200813-subject-02/20200813_152842/932122061900,10,20200813-subject-02/20200813_152842,29,35,7,True,,False,3
s0_l1,20200813-subject-02/20200813_152842/932122061900,10,20200813-subject-02/20200813_152842,29,35,7,True,,False,3
s0_l0,20200813-subject-02/20200813_152842/932122061900,10,20200813-subject-02/20200813_152842,29,35,7,True,,False,3
s1_l1,20200813-subject-02/20200813_152842/932122061900,10,20200813-subject-02/20200813_152842,29,35,7,True,,False,3
s1_l0,20200813-subject-02/20200813_152842/932122061900,10,20200813-subject-02/20200813_152842,29,35,7,True,,False,3
fp,20200813-subject-02/20200813_152842/932122061900,10,20200813-subject-02/20200813_152842,29,35,7,True,,False,3
residual,20200813-subject-02/20200813_153152/932122060857,11,20200813-subject-02/20200813_153152,23,24,2,True,,False,3
s0_l1,20200813-subject-02/20200813_153152/932122060857,11,20200813-subject-02/20200813_153152,23,24,2,True,,False,3
s0_l0,20200813-subject-02/20200813_153152/932122060857,11,20200813-subject-02/20200813_153152,23,24,2,True,,False,3
s1_l1,20200813-subject-02/20200813_153152/932122060857,11,20200813-subject-02/20200813_153152,23,24,2,True,,False,3
s1_l0,20200813-subject-02/20200813_153152/932122060857,11,20200813-subject-02/20200813_153152,23,24,2,True,,False,3
fp,20200813-subject-02/20200813_153152/932122060857,11,20200813-subject-02/20200813_153152,23,24,2,True,,False,3
residual,20200813-subject-02/20200813_153453/839512060362,12,20200813-subject-02/20200813_153453,1,43,43,True,,True,4
s0_l1,20200813-subject-02/20200813_153453/839512060362,12,20200813-subject-02/20200813_153453,1,43,43,True,,True,4
s0_l0,20200813-subject-02/20200813_153453/839512060362,12,20200813-subject-02/20200813_153453,1,43,43,True,,True,4
s1_l1,20200813-subject-02/20200813_153453/839512060362,12,20200813-subject-02/20200813_153453,1,43,43,True,,True,4
s1_l0,20200813-subject-02/20200813_153453/839512060362,12,20200813-subject-02/20200813_153453,1,43,43,True,,True,4
fp,20200813-subject-02/20200813_153453/839512060362,12,20200813-subject-02/20200813_153453,1,43,43,True,,True,3
residual,20200813-subject-02/20200813_153453/841412060263,12,20200813-subject-02/20200813_153453,8,10,3,False,next_occlusion,False,3
s0_l1,20200813-subject-02/20200813_153453/841412060263,12,20200813-subject-02/20200813_153453,8,10,3,False,next_occlusion,False,3
s0_l0,20200813-subject-02/20200813_153453/841412060263,12,20200813-subject-02/20200813_153453,8,10,3,False,next_occlusion,False,3
s1_l1,20200813-subject-02/20200813_153453/841412060263,12,20200813-subject-02/20200813_153453,8,10,3,False,next_occlusion,False,3
s1_l0,20200813-subject-02/20200813_153453/841412060263,12,20200813-subject-02/20200813_153453,8,10,3,False,next_occlusion,False,3
fp,20200813-subject-02/20200813_153453/841412060263,12,20200813-subject-02/20200813_153453,8,10,3,False,next_occlusion,False,3
residual,20200813-subject-02/20200813_153453/841412060263,12,20200813-subject-02/20200813_153453,16,27,12,True,,False,3
s0_l1,20200813-subject-02/20200813_153453/841412060263,12,20200813-subject-02/20200813_153453,16,27,12,True,,False,3
s0_l0,20200813-subject-02/20200813_153453/841412060263,12,20200813-subject-02/20200813_153453,16,27,12,True,,False,3
s1_l1,20200813-subject-02/20200813_153453/841412060263,12,20200813-subject-02/20200813_153453,16,27,12,True,,False,3
s1_l0,20200813-subject-02/20200813_153453/841412060263,12,20200813-subject-02/20200813_153453,16,27,12,True,,False,3
fp,20200813-subject-02/20200813_153453/841412060263,12,20200813-subject-02/20200813_153453,16,27,12,True,,False,3
residual,20200813-subject-02/20200813_153453/841412060263,12,20200813-subject-02/20200813_153453,65,71,7,False,stream_end,True,
s0_l1,20200813-subject-02/20200813_153453/841412060263,12,20200813-subject-02/20200813_153453,65,71,7,False,stream_end,True,
s0_l0,20200813-subject-02/20200813_153453/841412060263,12,20200813-subject-02/20200813_153453,65,71,7,False,stream_end,True,
s1_l1,20200813-subject-02/20200813_153453/841412060263,12,20200813-subject-02/20200813_153453,65,71,7,False,stream_end,True,
s1_l0,20200813-subject-02/20200813_153453/841412060263,12,20200813-subject-02/20200813_153453,65,71,7,False,stream_end,True,
fp,20200813-subject-02/20200813_153453/841412060263,12,20200813-subject-02/20200813_153453,65,71,7,False,stream_end,True,
residual,20200813-subject-02/20200813_153453/932122060857,12,20200813-subject-02/20200813_153453,11,34,24,True,,False,3
s0_l1,20200813-subject-02/20200813_153453/932122060857,12,20200813-subject-02/20200813_153453,11,34,24,True,,False,3
s0_l0,20200813-subject-02/20200813_153453/932122060857,12,20200813-subject-02/20200813_153453,11,34,24,True,,False,3
s1_l1,20200813-subject-02/20200813_153453/932122060857,12,20200813-subject-02/20200813_153453,11,34,24,True,,False,3
s1_l0,20200813-subject-02/20200813_153453/932122060857,12,20200813-subject-02/20200813_153453,11,34,24,True,,False,3
fp,20200813-subject-02/20200813_153453/932122060857,12,20200813-subject-02/20200813_153453,11,34,24,True,,False,9
residual,20200813-subject-02/20200813_153453/932122061900,12,20200813-subject-02/20200813_153453,1,30,30,True,,True,3
s0_l1,20200813-subject-02/20200813_153453/932122061900,12,20200813-subject-02/20200813_153453,1,30,30,True,,True,3
s0_l0,20200813-subject-02/20200813_153453/932122061900,12,20200813-subject-02/20200813_153453,1,30,30,True,,True,3
s1_l1,20200813-subject-02/20200813_153453/932122061900,12,20200813-subject-02/20200813_153453,1,30,30,True,,True,3
s1_l0,20200813-subject-02/20200813_153453/932122061900,12,20200813-subject-02/20200813_153453,1,30,30,True,,True,3
fp,20200813-subject-02/20200813_153453/932122061900,12,20200813-subject-02/20200813_153453,1,30,30,True,,True,5
residual,20200813-subject-02/20200813_153802/836212060125,13,20200813-subject-02/20200813_153802,1,37,37,True,,True,7
s0_l1,20200813-subject-02/20200813_153802/836212060125,13,20200813-subject-02/20200813_153802,1,37,37,True,,True,7
s0_l0,20200813-subject-02/20200813_153802/836212060125,13,20200813-subject-02/20200813_153802,1,37,37,True,,True,7
s1_l1,20200813-subject-02/20200813_153802/836212060125,13,20200813-subject-02/20200813_153802,1,37,37,True,,True,7
s1_l0,20200813-subject-02/20200813_153802/836212060125,13,20200813-subject-02/20200813_153802,1,37,37,True,,True,8
fp,20200813-subject-02/20200813_153802/836212060125,13,20200813-subject-02/20200813_153802,1,37,37,True,,True,
residual,20200813-subject-02/20200813_154103/836212060125,14,20200813-subject-02/20200813_154103,1,26,26,True,,False,3
s0_l1,20200813-subject-02/20200813_154103/836212060125,14,20200813-subject-02/20200813_154103,1,26,26,True,,False,3
s0_l0,20200813-subject-02/20200813_154103/836212060125,14,20200813-subject-02/20200813_154103,1,26,26,True,,False,3
s1_l1,20200813-subject-02/20200813_154103/836212060125,14,20200813-subject-02/20200813_154103,1,26,26,True,,False,3
s1_l0,20200813-subject-02/20200813_154103/836212060125,14,20200813-subject-02/20200813_154103,1,26,26,True,,False,3
fp,20200813-subject-02/20200813_154103/836212060125,14,20200813-subject-02/20200813_154103,1,26,26,True,,False,
residual,20200813-subject-02/20200813_154103/840412060917,14,20200813-subject-02/20200813_154103,55,73,19,False,stream_end,True,
s0_l1,20200813-subject-02/20200813_154103/840412060917,14,20200813-subject-02/20200813_154103,55,73,19,False,stream_end,True,
s0_l0,20200813-subject-02/20200813_154103/840412060917,14,20200813-subject-02/20200813_154103,55,73,19,False,stream_end,True,
s1_l1,20200813-subject-02/20200813_154103/840412060917,14,20200813-subject-02/20200813_154103,55,73,19,False,stream_end,True,
s1_l0,20200813-subject-02/20200813_154103/840412060917,14,20200813-subject-02/20200813_154103,55,73,19,False,stream_end,True,
fp,20200813-subject-02/20200813_154103/840412060917,14,20200813-subject-02/20200813_154103,55,73,19,False,stream_end,True,
residual,20200813-subject-02/20200813_154408/839512060362,15,20200813-subject-02/20200813_154408,22,23,2,True,,False,6
s0_l1,20200813-subject-02/20200813_154408/839512060362,15,20200813-subject-02/20200813_154408,22,23,2,True,,False,6
s0_l0,20200813-subject-02/20200813_154408/839512060362,15,20200813-subject-02/20200813_154408,22,23,2,True,,False,6
s1_l1,20200813-subject-02/20200813_154408/839512060362,15,20200813-subject-02/20200813_154408,22,23,2,True,,False,6
s1_l0,20200813-subject-02/20200813_154408/839512060362,15,20200813-subject-02/20200813_154408,22,23,2,True,,False,6
fp,20200813-subject-02/20200813_154408/839512060362,15,20200813-subject-02/20200813_154408,22,23,2,True,,False,6
residual,20200813-subject-02/20200813_154408/932122060857,15,20200813-subject-02/20200813_154408,15,33,19,True,,True,6
s0_l1,20200813-subject-02/20200813_154408/932122060857,15,20200813-subject-02/20200813_154408,15,33,19,True,,True,6
s0_l0,20200813-subject-02/20200813_154408/932122060857,15,20200813-subject-02/20200813_154408,15,33,19,True,,True,6
s1_l1,20200813-subject-02/20200813_154408/932122060857,15,20200813-subject-02/20200813_154408,15,33,19,True,,True,6
s1_l0,20200813-subject-02/20200813_154408/932122060857,15,20200813-subject-02/20200813_154408,15,33,19,True,,True,6
fp,20200813-subject-02/20200813_154408/932122060857,15,20200813-subject-02/20200813_154408,15,33,19,True,,True,8
residual,20200813-subject-02/20200813_154729/932122060857,16,20200813-subject-02/20200813_154729,38,44,7,True,,False,3
s0_l1,20200813-subject-02/20200813_154729/932122060857,16,20200813-subject-02/20200813_154729,38,44,7,True,,False,3
s0_l0,20200813-subject-02/20200813_154729/932122060857,16,20200813-subject-02/20200813_154729,38,44,7,True,,False,3
s1_l1,20200813-subject-02/20200813_154729/932122060857,16,20200813-subject-02/20200813_154729,38,44,7,True,,False,3
s1_l0,20200813-subject-02/20200813_154729/932122060857,16,20200813-subject-02/20200813_154729,38,44,7,True,,False,3
fp,20200813-subject-02/20200813_154729/932122060857,16,20200813-subject-02/20200813_154729,38,44,7,True,,False,3
residual,20200813-subject-02/20200813_155021/840412060917,17,20200813-subject-02/20200813_155021,28,37,10,True,,True,
s0_l1,20200813-subject-02/20200813_155021/840412060917,17,20200813-subject-02/20200813_155021,28,37,10,True,,True,
s0_l0,20200813-subject-02/20200813_155021/840412060917,17,20200813-subject-02/20200813_155021,28,37,10,True,,True,
s1_l1,20200813-subject-02/20200813_155021/840412060917,17,20200813-subject-02/20200813_155021,28,37,10,True,,True,
s1_l0,20200813-subject-02/20200813_155021/840412060917,17,20200813-subject-02/20200813_155021,28,37,10,True,,True,
fp,20200813-subject-02/20200813_155021/840412060917,17,20200813-subject-02/20200813_155021,28,37,10,True,,True,
residual,20200813-subject-02/20200813_155021/841412060263,17,20200813-subject-02/20200813_155021,10,26,17,True,,True,
s0_l1,20200813-subject-02/20200813_155021/841412060263,17,20200813-subject-02/20200813_155021,10,26,17,True,,True,
s0_l0,20200813-subject-02/20200813_155021/841412060263,17,20200813-subject-02/20200813_155021,10,26,17,True,,True,
s1_l1,20200813-subject-02/20200813_155021/841412060263,17,20200813-subject-02/20200813_155021,10,26,17,True,,True,
s1_l0,20200813-subject-02/20200813_155021/841412060263,17,20200813-subject-02/20200813_155021,10,26,17,True,,True,
fp,20200813-subject-02/20200813_155021/841412060263,17,20200813-subject-02/20200813_155021,10,26,17,True,,True,
residual,20200813-subject-02/20200813_155021/932122060857,17,20200813-subject-02/20200813_155021,27,27,1,True,,True,10
s0_l1,20200813-subject-02/20200813_155021/932122060857,17,20200813-subject-02/20200813_155021,27,27,1,True,,True,10
s0_l0,20200813-subject-02/20200813_155021/932122060857,17,20200813-subject-02/20200813_155021,27,27,1,True,,True,8
s1_l1,20200813-subject-02/20200813_155021/932122060857,17,20200813-subject-02/20200813_155021,27,27,1,True,,True,10
s1_l0,20200813-subject-02/20200813_155021/932122060857,17,20200813-subject-02/20200813_155021,27,27,1,True,,True,
fp,20200813-subject-02/20200813_155021/932122060857,17,20200813-subject-02/20200813_155021,27,27,1,True,,True,
residual,20200813-subject-02/20200813_155021/932122060861,17,20200813-subject-02/20200813_155021,33,35,3,True,,True,9
s0_l1,20200813-subject-02/20200813_155021/932122060861,17,20200813-subject-02/20200813_155021,33,35,3,True,,True,
s0_l0,20200813-subject-02/20200813_155021/932122060861,17,20200813-subject-02/20200813_155021,33,35,3,True,,True,
s1_l1,20200813-subject-02/20200813_155021/932122060861,17,20200813-subject-02/20200813_155021,33,35,3,True,,True,
s1_l0,20200813-subject-02/20200813_155021/932122060861,17,20200813-subject-02/20200813_155021,33,35,3,True,,True,
fp,20200813-subject-02/20200813_155021/932122060861,17,20200813-subject-02/20200813_155021,33,35,3,True,,True,
residual,20200813-subject-02/20200813_155314/836212060125,18,20200813-subject-02/20200813_155314,21,73,53,False,stream_end,False,
s0_l1,20200813-subject-02/20200813_155314/836212060125,18,20200813-subject-02/20200813_155314,21,73,53,False,stream_end,False,
s0_l0,20200813-subject-02/20200813_155314/836212060125,18,20200813-subject-02/20200813_155314,21,73,53,False,stream_end,False,
s1_l1,20200813-subject-02/20200813_155314/836212060125,18,20200813-subject-02/20200813_155314,21,73,53,False,stream_end,False,
s1_l0,20200813-subject-02/20200813_155314/836212060125,18,20200813-subject-02/20200813_155314,21,73,53,False,stream_end,False,
fp,20200813-subject-02/20200813_155314/836212060125,18,20200813-subject-02/20200813_155314,21,73,53,False,stream_end,False,
residual,20200813-subject-02/20200813_155314/840412060917,18,20200813-subject-02/20200813_155314,48,51,4,False,initialization_or_missing_pose_or_visibility,True,
s0_l1,20200813-subject-02/20200813_155314/840412060917,18,20200813-subject-02/20200813_155314,48,51,4,False,initialization_or_missing_pose_or_visibility,True,
s0_l0,20200813-subject-02/20200813_155314/840412060917,18,20200813-subject-02/20200813_155314,48,51,4,False,initialization_or_missing_pose_or_visibility,True,
s1_l1,20200813-subject-02/20200813_155314/840412060917,18,20200813-subject-02/20200813_155314,48,51,4,False,initialization_or_missing_pose_or_visibility,True,
s1_l0,20200813-subject-02/20200813_155314/840412060917,18,20200813-subject-02/20200813_155314,48,51,4,False,initialization_or_missing_pose_or_visibility,True,
fp,20200813-subject-02/20200813_155314/840412060917,18,20200813-subject-02/20200813_155314,48,51,4,False,initialization_or_missing_pose_or_visibility,True,
residual,20200813-subject-02/20200813_155314/840412060917,18,20200813-subject-02/20200813_155314,59,73,15,False,stream_end,True,
s0_l1,20200813-subject-02/20200813_155314/840412060917,18,20200813-subject-02/20200813_155314,59,73,15,False,stream_end,True,
s0_l0,20200813-subject-02/20200813_155314/840412060917,18,20200813-subject-02/20200813_155314,59,73,15,False,stream_end,True,
s1_l1,20200813-subject-02/20200813_155314/840412060917,18,20200813-subject-02/20200813_155314,59,73,15,False,stream_end,True,
s1_l0,20200813-subject-02/20200813_155314/840412060917,18,20200813-subject-02/20200813_155314,59,73,15,False,stream_end,True,
fp,20200813-subject-02/20200813_155314/840412060917,18,20200813-subject-02/20200813_155314,59,73,15,False,stream_end,True,
residual,20200813-subject-02/20200813_155314/841412060263,18,20200813-subject-02/20200813_155314,12,14,3,True,,False,3
s0_l1,20200813-subject-02/20200813_155314/841412060263,18,20200813-subject-02/20200813_155314,12,14,3,True,,False,3
s0_l0,20200813-subject-02/20200813_155314/841412060263,18,20200813-subject-02/20200813_155314,12,14,3,True,,False,3
s1_l1,20200813-subject-02/20200813_155314/841412060263,18,20200813-subject-02/20200813_155314,12,14,3,True,,False,3
s1_l0,20200813-subject-02/20200813_155314/841412060263,18,20200813-subject-02/20200813_155314,12,14,3,True,,False,3
fp,20200813-subject-02/20200813_155314/841412060263,18,20200813-subject-02/20200813_155314,12,14,3,True,,False,
residual,20200813-subject-02/20200813_155314/841412060263,18,20200813-subject-02/20200813_155314,36,73,38,False,stream_end,True,
s0_l1,20200813-subject-02/20200813_155314/841412060263,18,20200813-subject-02/20200813_155314,36,73,38,False,stream_end,True,
s0_l0,20200813-subject-02/20200813_155314/841412060263,18,20200813-subject-02/20200813_155314,36,73,38,False,stream_end,True,
s1_l1,20200813-subject-02/20200813_155314/841412060263,18,20200813-subject-02/20200813_155314,36,73,38,False,stream_end,True,
s1_l0,20200813-subject-02/20200813_155314/841412060263,18,20200813-subject-02/20200813_155314,36,73,38,False,stream_end,True,
fp,20200813-subject-02/20200813_155314/841412060263,18,20200813-subject-02/20200813_155314,36,73,38,False,stream_end,True,
residual,20200813-subject-02/20200813_155314/932122060857,18,20200813-subject-02/20200813_155314,18,31,14,True,,False,6
s0_l1,20200813-subject-02/20200813_155314/932122060857,18,20200813-subject-02/20200813_155314,18,31,14,True,,False,7
s0_l0,20200813-subject-02/20200813_155314/932122060857,18,20200813-subject-02/20200813_155314,18,31,14,True,,False,6
s1_l1,20200813-subject-02/20200813_155314/932122060857,18,20200813-subject-02/20200813_155314,18,31,14,True,,False,6
s1_l0,20200813-subject-02/20200813_155314/932122060857,18,20200813-subject-02/20200813_155314,18,31,14,True,,False,6
fp,20200813-subject-02/20200813_155314/932122060857,18,20200813-subject-02/20200813_155314,18,31,14,True,,False,
residual,20200813-subject-02/20200813_155314/932122060857,18,20200813-subject-02/20200813_155314,46,60,15,False,next_occlusion,False,
s0_l1,20200813-subject-02/20200813_155314/932122060857,18,20200813-subject-02/20200813_155314,46,60,15,False,next_occlusion,False,
s0_l0,20200813-subject-02/20200813_155314/932122060857,18,20200813-subject-02/20200813_155314,46,60,15,False,next_occlusion,False,
s1_l1,20200813-subject-02/20200813_155314/932122060857,18,20200813-subject-02/20200813_155314,46,60,15,False,next_occlusion,False,
s1_l0,20200813-subject-02/20200813_155314/932122060857,18,20200813-subject-02/20200813_155314,46,60,15,False,next_occlusion,False,
fp,20200813-subject-02/20200813_155314/932122060857,18,20200813-subject-02/20200813_155314,46,60,15,False,next_occlusion,False,
residual,20200813-subject-02/20200813_155314/932122060857,18,20200813-subject-02/20200813_155314,63,70,8,False,stream_end,False,3
s0_l1,20200813-subject-02/20200813_155314/932122060857,18,20200813-subject-02/20200813_155314,63,70,8,False,stream_end,False,3
s0_l0,20200813-subject-02/20200813_155314/932122060857,18,20200813-subject-02/20200813_155314,63,70,8,False,stream_end,False,3
s1_l1,20200813-subject-02/20200813_155314/932122060857,18,20200813-subject-02/20200813_155314,63,70,8,False,stream_end,False,3
s1_l0,20200813-subject-02/20200813_155314/932122060857,18,20200813-subject-02/20200813_155314,63,70,8,False,stream_end,False,3
fp,20200813-subject-02/20200813_155314/932122060857,18,20200813-subject-02/20200813_155314,63,70,8,False,stream_end,False,
residual,20200813-subject-02/20200813_155314/932122062010,18,20200813-subject-02/20200813_155314,21,32,12,False,next_occlusion,True,
s0_l1,20200813-subject-02/20200813_155314/932122062010,18,20200813-subject-02/20200813_155314,21,32,12,False,next_occlusion,True,
s0_l0,20200813-subject-02/20200813_155314/932122062010,18,20200813-subject-02/20200813_155314,21,32,12,False,next_occlusion,True,
s1_l1,20200813-subject-02/20200813_155314/932122062010,18,20200813-subject-02/20200813_155314,21,32,12,False,next_occlusion,True,
s1_l0,20200813-subject-02/20200813_155314/932122062010,18,20200813-subject-02/20200813_155314,21,32,12,False,next_occlusion,True,
fp,20200813-subject-02/20200813_155314/932122062010,18,20200813-subject-02/20200813_155314,21,32,12,False,next_occlusion,True,
residual,20200813-subject-02/20200813_155314/932122062010,18,20200813-subject-02/20200813_155314,39,40,2,True,,True,
s0_l1,20200813-subject-02/20200813_155314/932122062010,18,20200813-subject-02/20200813_155314,39,40,2,True,,True,
s0_l0,20200813-subject-02/20200813_155314/932122062010,18,20200813-subject-02/20200813_155314,39,40,2,True,,True,
s1_l1,20200813-subject-02/20200813_155314/932122062010,18,20200813-subject-02/20200813_155314,39,40,2,True,,True,
s1_l0,20200813-subject-02/20200813_155314/932122062010,18,20200813-subject-02/20200813_155314,39,40,2,True,,True,
fp,20200813-subject-02/20200813_155314/932122062010,18,20200813-subject-02/20200813_155314,39,40,2,True,,True,
residual,20200813-subject-02/20200813_155633/841412060263,20,20200813-subject-02/20200813_155633,17,35,19,True,,False,3
s0_l1,20200813-subject-02/20200813_155633/841412060263,20,20200813-subject-02/20200813_155633,17,35,19,True,,False,3
s0_l0,20200813-subject-02/20200813_155633/841412060263,20,20200813-subject-02/20200813_155633,17,35,19,True,,False,3
s1_l1,20200813-subject-02/20200813_155633/841412060263,20,20200813-subject-02/20200813_155633,17,35,19,True,,False,3
s1_l0,20200813-subject-02/20200813_155633/841412060263,20,20200813-subject-02/20200813_155633,17,35,19,True,,False,3
fp,20200813-subject-02/20200813_155633/841412060263,20,20200813-subject-02/20200813_155633,17,35,19,True,,False,
residual,20200813-subject-02/20200813_155953/840412060917,21,20200813-subject-02/20200813_155953,14,26,13,False,next_occlusion,True,
s0_l1,20200813-subject-02/20200813_155953/840412060917,21,20200813-subject-02/20200813_155953,14,26,13,False,next_occlusion,True,
s0_l0,20200813-subject-02/20200813_155953/840412060917,21,20200813-subject-02/20200813_155953,14,26,13,False,next_occlusion,True,
s1_l1,20200813-subject-02/20200813_155953/840412060917,21,20200813-subject-02/20200813_155953,14,26,13,False,next_occlusion,True,
s1_l0,20200813-subject-02/20200813_155953/840412060917,21,20200813-subject-02/20200813_155953,14,26,13,False,next_occlusion,True,
fp,20200813-subject-02/20200813_155953/840412060917,21,20200813-subject-02/20200813_155953,14,26,13,False,next_occlusion,True,
residual,20200813-subject-02/20200813_155953/840412060917,21,20200813-subject-02/20200813_155953,29,37,9,True,,True,5
s0_l1,20200813-subject-02/20200813_155953/840412060917,21,20200813-subject-02/20200813_155953,29,37,9,True,,True,5
s0_l0,20200813-subject-02/20200813_155953/840412060917,21,20200813-subject-02/20200813_155953,29,37,9,True,,True,5
s1_l1,20200813-subject-02/20200813_155953/840412060917,21,20200813-subject-02/20200813_155953,29,37,9,True,,True,5
s1_l0,20200813-subject-02/20200813_155953/840412060917,21,20200813-subject-02/20200813_155953,29,37,9,True,,True,5
fp,20200813-subject-02/20200813_155953/840412060917,21,20200813-subject-02/20200813_155953,29,37,9,True,,True,
residual,20200813-subject-02/20200813_155953/840412060917,21,20200813-subject-02/20200813_155953,50,50,1,False,next_occlusion,True,
s0_l1,20200813-subject-02/20200813_155953/840412060917,21,20200813-subject-02/20200813_155953,50,50,1,False,next_occlusion,True,
s0_l0,20200813-subject-02/20200813_155953/840412060917,21,20200813-subject-02/20200813_155953,50,50,1,False,next_occlusion,True,
s1_l1,20200813-subject-02/20200813_155953/840412060917,21,20200813-subject-02/20200813_155953,50,50,1,False,next_occlusion,True,
s1_l0,20200813-subject-02/20200813_155953/840412060917,21,20200813-subject-02/20200813_155953,50,50,1,False,next_occlusion,True,
fp,20200813-subject-02/20200813_155953/840412060917,21,20200813-subject-02/20200813_155953,50,50,1,False,next_occlusion,True,
residual,20200813-subject-02/20200813_155953/840412060917,21,20200813-subject-02/20200813_155953,52,55,4,False,next_occlusion,True,
s0_l1,20200813-subject-02/20200813_155953/840412060917,21,20200813-subject-02/20200813_155953,52,55,4,False,next_occlusion,True,
s0_l0,20200813-subject-02/20200813_155953/840412060917,21,20200813-subject-02/20200813_155953,52,55,4,False,next_occlusion,True,
s1_l1,20200813-subject-02/20200813_155953/840412060917,21,20200813-subject-02/20200813_155953,52,55,4,False,next_occlusion,True,
s1_l0,20200813-subject-02/20200813_155953/840412060917,21,20200813-subject-02/20200813_155953,52,55,4,False,next_occlusion,True,
fp,20200813-subject-02/20200813_155953/840412060917,21,20200813-subject-02/20200813_155953,52,55,4,False,next_occlusion,True,
residual,20200813-subject-02/20200813_155953/840412060917,21,20200813-subject-02/20200813_155953,57,73,17,False,stream_end,True,
s0_l1,20200813-subject-02/20200813_155953/840412060917,21,20200813-subject-02/20200813_155953,57,73,17,False,stream_end,True,
s0_l0,20200813-subject-02/20200813_155953/840412060917,21,20200813-subject-02/20200813_155953,57,73,17,False,stream_end,True,
s1_l1,20200813-subject-02/20200813_155953/840412060917,21,20200813-subject-02/20200813_155953,57,73,17,False,stream_end,True,
s1_l0,20200813-subject-02/20200813_155953/840412060917,21,20200813-subject-02/20200813_155953,57,73,17,False,stream_end,True,
fp,20200813-subject-02/20200813_155953/840412060917,21,20200813-subject-02/20200813_155953,57,73,17,False,stream_end,True,
residual,20200813-subject-02/20200813_155953/841412060263,21,20200813-subject-02/20200813_155953,50,51,2,False,initialization_or_missing_pose_or_visibility,True,
s0_l1,20200813-subject-02/20200813_155953/841412060263,21,20200813-subject-02/20200813_155953,50,51,2,False,initialization_or_missing_pose_or_visibility,True,
s0_l0,20200813-subject-02/20200813_155953/841412060263,21,20200813-subject-02/20200813_155953,50,51,2,False,initialization_or_missing_pose_or_visibility,True,
s1_l1,20200813-subject-02/20200813_155953/841412060263,21,20200813-subject-02/20200813_155953,50,51,2,False,initialization_or_missing_pose_or_visibility,True,
s1_l0,20200813-subject-02/20200813_155953/841412060263,21,20200813-subject-02/20200813_155953,50,51,2,False,initialization_or_missing_pose_or_visibility,True,
fp,20200813-subject-02/20200813_155953/841412060263,21,20200813-subject-02/20200813_155953,50,51,2,False,initialization_or_missing_pose_or_visibility,True,
residual,20200813-subject-02/20200813_155953/841412060263,21,20200813-subject-02/20200813_155953,70,73,4,False,stream_end,True,
s0_l1,20200813-subject-02/20200813_155953/841412060263,21,20200813-subject-02/20200813_155953,70,73,4,False,stream_end,True,
s0_l0,20200813-subject-02/20200813_155953/841412060263,21,20200813-subject-02/20200813_155953,70,73,4,False,stream_end,True,
s1_l1,20200813-subject-02/20200813_155953/841412060263,21,20200813-subject-02/20200813_155953,70,73,4,False,stream_end,True,
s1_l0,20200813-subject-02/20200813_155953/841412060263,21,20200813-subject-02/20200813_155953,70,73,4,False,stream_end,True,
fp,20200813-subject-02/20200813_155953/841412060263,21,20200813-subject-02/20200813_155953,70,73,4,False,stream_end,True,
residual,20200813-subject-02/20200813_155953/932122060861,21,20200813-subject-02/20200813_155953,18,31,14,True,,False,3
s0_l1,20200813-subject-02/20200813_155953/932122060861,21,20200813-subject-02/20200813_155953,18,31,14,True,,False,3
s0_l0,20200813-subject-02/20200813_155953/932122060861,21,20200813-subject-02/20200813_155953,18,31,14,True,,False,3
s1_l1,20200813-subject-02/20200813_155953/932122060861,21,20200813-subject-02/20200813_155953,18,31,14,True,,False,3
s1_l0,20200813-subject-02/20200813_155953/932122060861,21,20200813-subject-02/20200813_155953,18,31,14,True,,False,3
fp,20200813-subject-02/20200813_155953/932122060861,21,20200813-subject-02/20200813_155953,18,31,14,True,,False,7
residual,20200813-subject-02/20200813_155953/932122061900,21,20200813-subject-02/20200813_155953,23,31,9,True,,True,
s0_l1,20200813-subject-02/20200813_155953/932122061900,21,20200813-subject-02/20200813_155953,23,31,9,True,,True,
s0_l0,20200813-subject-02/20200813_155953/932122061900,21,20200813-subject-02/20200813_155953,23,31,9,True,,True,
s1_l1,20200813-subject-02/20200813_155953/932122061900,21,20200813-subject-02/20200813_155953,23,31,9,True,,True,
s1_l0,20200813-subject-02/20200813_155953/932122061900,21,20200813-subject-02/20200813_155953,23,31,9,True,,True,
fp,20200813-subject-02/20200813_155953/932122061900,21,20200813-subject-02/20200813_155953,23,31,9,True,,True,
